探索深度,思考時間,探索ノード数,探索速度,カット数,ハッシュ記録数,ハッシュヒット数,2ndハッシュ記録数,2ndハッシュヒット数,ハッシュ衝突数,pvハッシュ記録数,pvハッシュヒット数,pv2ndハッシュ記録数,pv2ndハッシュヒット数,pvハッシュ衝突数,推定CPUスコア,着手位置
D3C5D6E3B4C2D2C7B2C1
8,0.02,141115,6719761.90,318,2322,384,0,0,0,11,10,0,0,0,-12.20,F4
8,0.06,419900,7239655.17,1930,6214,2201,0,0,0,101,11,0,0,0,9.49,B5
8,0.05,337035,7170957.45,821,6474,1019,0,0,0,40,20,0,0,0,-7.51,C6
8,0.07,463129,7125061.54,1615,12715,4753,0,2,0,180,34,0,0,0,7.04,D7
8,0.05,349542,6990840.00,903,10789,1707,0,0,0,65,34,0,0,0,-6.22,D1
8,0.03,211040,7277241.38,471,15781,5372,0,2,0,196,48,0,0,0,5.76,E1
8,0.03,204737,6824566.67,135,14073,2409,0,1,0,69,48,0,0,0,-5.53,E2
8,0.03,199916,6448903.23,688,18247,5942,0,2,0,224,60,0,0,0,5.36,B3
8,0.04,284743,6621930.23,556,18892,4563,0,3,0,114,59,0,0,0,-6.25,E6
8,0.04,253124,6841189.19,309,21603,6415,0,3,1,230,72,0,0,0,5.24,C3
8,0.02,140668,6394000.00,397,21847,5211,0,4,0,140,70,0,0,0,-4.69,D8
8,0.05,317885,6910543.48,1257,27205,8225,0,5,1,278,86,0,0,0,3.72,F5
8,0.02,112931,6643000.00,217,24890,5839,0,5,0,151,81,0,0,0,-4.86,C4
8,0.04,254128,6516102.56,229,32101,9031,0,5,1,284,97,0,0,0,5.68,F7
8,0.04,293884,6679181.82,668,30692,7120,0,5,0,185,98,0,0,0,-5.68,A6
8,0.05,333455,6669100.00,24,38442,9919,0,6,1,286,108,0,0,0,4.34,A4

E6F6F5D6C4G4G7B3F4G3
8,0.04,329057,7478568.18,1787,4086,1323,0,0,0,106,15,0,0,0,-7.86,F3
8,0.03,201113,7182607.14,983,4373,1028,0,0,0,56,11,0,0,0,7.25,G6
8,0.05,363227,7264540.00,634,8937,2617,0,0,0,151,32,0,0,0,-5.36,C5
8,0.03,221847,6932718.75,642,9712,2477,0,0,0,102,24,0,0,0,4.13,C6
8,0.06,404891,7230196.43,153,14006,3517,0,0,0,168,43,0,0,0,-4.35,H4
8,0.03,207411,6913700.00,608,15691,4959,0,0,0,148,36,0,0,0,1.61,G5
8,0.09,650830,7074239.13,1411,23119,5711,0,2,0,270,61,0,0,0,-4.46,F7
8,0.04,262734,6914052.63,1327,22399,6994,0,1,0,227,47,0,0,0,4.73,E7
8,0.10,714045,7000441.18,1071,34597,8984,0,12,0,341,75,0,0,0,-5.44,B5
8,0.06,400612,6790033.90,1362,30562,9272,0,9,0,278,59,0,0,0,6.60,B4
8,0.09,604717,6950770.11,729,43778,10886,0,15,1,379,87,0,0,0,-6.38,D3
8,0.06,371756,6759200.00,494,39416,10895,0,13,0,297,71,0,0,0,6.78,C3
8,0.10,701011,6805932.04,1243,56638,14946,0,21,1,439,100,0,0,0,-7.23,C7
8,0.10,705783,6852262.14,414,54482,13159,0,18,1,314,81,0,0,0,7.43,D7
8,0.07,433972,6575333.33,132,65208,16589,0,25,1,445,115,0,0,0,-6.51,C8
8,0.06,365190,6406842.11,158,63207,14637,0,21,1,320,92,0,0,0,6.67,D8

E6F6C4E7E8C3C2C5C6B2
8,0.01,72462,6587454.55,299,1344,215,0,0,0,15,10,0,0,0,13.66,D3
8,0.04,275190,7241842.11,1768,3993,1564,0,0,0,101,14,0,0,0,-15.65,D2
8,0.04,319913,7109177.78,1217,5253,1093,0,0,0,69,22,0,0,0,16.04,B3
8,0.08,556938,7328131.58,3265,11308,5139,0,3,0,251,39,0,0,0,-18.06,F5
8,0.05,345176,6903520.00,304,9986,1976,0,0,0,82,35,0,0,0,16.87,F4
8,0.05,339131,7065229.17,453,17078,7251,0,4,0,272,50,0,0,0,-18.00,E3
8,0.04,285475,6638953.49,172,14706,2729,0,0,0,86,46,0,0,0,14.23,D6
8,0.07,465176,6942925.37,1243,23686,8411,0,5,0,313,63,0,0,0,-16.85,F3
8,0.06,409938,6948101.69,1823,20270,4020,0,3,0,139,58,0,0,0,14.15,G6
8,0.09,628831,7145806.82,991,33793,11927,0,14,0,365,78,0,0,0,-14.71,A3
8,0.06,385525,6884375.00,1494,26792,5803,0,8,0,192,70,0,0,0,11.10,A1
8,0.03,207191,6906366.67,250,37269,12527,0,15,0,373,89,0,0,0,-10.80,B4
8,0.03,195458,6739931.03,341,30006,6466,0,9,0,207,81,0,0,0,12.15,A2
8,0.02,136721,6510523.81,92,40496,13163,0,16,0,380,100,0,0,0,-13.67,B5
8,0.04,261917,6547925.00,664,34912,8530,0,12,0,236,96,0,0,0,11.36,A4
8,0.03,168417,6736680.00,419,44040,13922,0,17,0,402,111,0,0,0,-14.01,B6

E6F4F3D6G4F6E7F8G7F7
8,0.02,131519,6922052.63,1134,4253,886,0,0,0,72,10,0,0,0,-30.02,C5
8,0.05,342054,7126125.00,1195,5802,1571,0,0,0,85,15,0,0,0,29.83,C4
8,0.03,201980,6964827.59,995,10513,2846,0,1,0,149,21,0,0,0,-29.51,C6
8,0.05,334547,6969729.17,894,10997,2539,0,0,0,135,26,0,0,0,26.62,F5
8,0.01,86812,6200857.14,213,13336,3328,0,1,0,158,33,0,0,0,-24.59,G5
8,0.04,234689,6705400.00,1154,15318,3392,0,1,0,195,37,0,0,0,24.06,E3
8,0.02,119727,6301421.05,396,17192,4153,0,1,0,178,46,0,0,0,-23.47,G6
8,0.05,344256,6750117.65,322,22405,5247,0,5,0,214,53,0,0,0,19.39,D7
8,0.05,352010,6641698.11,735,29042,7727,0,2,0,255,59,0,0,0,-22.96,B3
8,0.08,543151,6875329.11,1155,30783,7930,0,11,0,291,63,0,0,0,20.90,F2
8,0.03,221377,6511088.24,656,35292,9653,0,8,0,304,70,0,0,0,-20.44,D3
8,0.07,491424,6640864.86,1268,38391,10831,0,17,0,348,77,0,0,0,17.09,C3
8,0.06,382158,6588931.03,2012,41212,11653,0,15,0,373,86,0,0,0,-18.54,B2
8,0.10,657923,6853364.58,2289,46275,13408,0,22,0,432,99,0,0,0,16.37,B4
8,0.18,1308606,7111989.13,2810,60545,21519,0,53,0,489,110,0,0,0,-18.09,G2
8,0.15,1071864,7005647.06,1732,60253,19767,0,43,0,506,122,0,0,0,16.56,H8

E6F4G3D6C7F5E3F2C3E7
8,0.02,114958,6386555.56,714,2031,429,0,0,0,23,13,0,0,0,-9.42,F6
8,0.04,260785,7048243.24,819,3551,707,0,0,0,42,14,0,0,0,4.62,D3
8,0.04,282400,6887804.88,1501,7409,2639,0,0,0,112,24,0,0,0,-9.11,F8
8,0.07,479086,7045382.35,1120,10580,3329,0,2,0,132,27,0,0,0,4.46,G5
8,0.01,85281,6091500.00,95,9743,3092,0,0,0,115,35,0,0,0,-6.63,G4
8,0.03,191189,6592724.14,125,14023,3979,0,2,1,137,38,0,0,0,3.09,G6
8,0.02,139182,6627714.29,192,13449,3605,0,0,0,124,46,0,0,0,-6.90,H6
8,0.04,318007,7066822.22,271,19401,4838,0,2,1,150,52,0,0,0,3.11,H3
8,0.02,145372,6607818.18,969,17427,4587,0,4,0,166,58,0,0,0,-5.49,E2
8,0.06,388533,7064236.36,243,25783,6546,0,4,1,161,69,0,0,0,2.43,F3
8,0.02,142339,6469954.55,397,21550,5566,0,5,1,187,69,0,0,0,-5.43,F1
8,0.05,363372,6729111.11,633,32394,9026,0,7,1,205,91,0,0,0,3.08,B3
8,0.03,179742,6198000.00,231,25962,7900,0,8,1,194,85,0,0,0,-5.53,C2
8,0.04,239724,6849257.14,307,36942,10134,0,9,1,221,102,0,0,0,2.08,D2
8,0.03,183514,6554071.43,384,30123,8896,0,8,1,213,97,0,0,0,-5.83,C1
8,0.05,335713,6714260.00,1096,44056,13023,0,19,1,275,120,0,0,0,2.57,D7

E6F6D3E3G6G7F5G5H7F4
8,0.03,188006,6963185.19,869,3910,1901,0,0,0,74,18,0,0,0,16.65,F3
8,0.02,132203,6958052.63,405,2515,400,0,0,0,26,11,0,0,0,-15.08,H6
8,0.01,48565,6070625.00,359,5529,2304,0,0,0,101,31,0,0,0,19.88,H5
8,0.02,115057,6768058.82,566,5370,1279,0,0,0,89,23,0,0,0,-18.13,G4
8,0.01,70728,6429818.18,530,7559,2905,0,1,0,133,43,0,0,0,22.53,G3
8,0.02,142693,6486045.45,317,8606,1951,0,0,0,112,35,0,0,0,-17.07,D6
8,0.02,111789,6210500.00,494,11013,3647,0,1,10,165,59,0,0,0,18.49,H8
8,0.02,123140,6481052.63,450,11953,3174,0,0,0,159,51,0,0,0,-16.00,E7
8,0.01,68028,6184363.64,237,13192,3988,0,1,10,180,71,0,0,0,21.16,F7
8,0.01,43065,5383125.00,208,13199,3492,0,0,0,171,62,0,0,0,-17.61,D7
8,0.01,43719,6245571.43,268,14717,4250,0,1,10,196,83,0,0,0,18.19,H4
8,0.02,159357,6639875.00,668,17356,4572,0,1,0,218,77,0,0,0,-14.31,C5
8,0.01,57503,6389222.22,292,16516,4649,0,1,10,213,93,0,0,0,19.47,E8
8,0.01,90360,6454285.71,359,19854,5130,0,2,1,246,88,0,0,0,-11.67,C2
8,0.01,96680,6445333.33,399,19494,5218,0,2,10,242,105,0,0,0,18.69,C7
8,0.01,92540,6169333.33,538,22299,5916,0,3,1,286,103,0,0,0,-11.70,E2

F5F6D3C5B5F4G4F3G7C2
8,0.03,176410,7056400.00,1231,3632,1006,0,0,0,74,13,0,0,0,-34.77,E6
8,0.05,390666,7234555.56,1898,5577,2435,0,0,0,108,15,0,0,0,31.59,C4
8,0.04,267829,7238621.62,642,9173,3662,0,0,0,107,29,0,0,0,-31.35,G3
8,0.04,313775,7131250.00,313,9870,3306,0,0,0,126,26,0,0,0,29.16,D6
8,0.05,375620,7087169.81,767,16906,6516,0,4,0,153,41,0,0,0,-29.80,C3
8,0.08,574634,7094246.91,192,17747,5765,0,0,0,133,42,0,0,0,27.32,E7
8,0.07,502439,7281724.64,987,27001,7796,0,9,0,177,55,0,0,0,-27.53,D2
8,0.09,644327,7159188.89,343,25159,6768,0,0,0,145,53,0,0,0,23.64,B3
8,0.05,348882,6977640.00,168,33459,8765,0,10,0,182,66,0,0,0,-26.72,E3
8,0.08,560119,7001487.50,207,31613,7792,0,3,0,154,66,0,0,0,22.75,B4
8,0.07,513322,7129472.22,289,43768,9738,0,10,0,187,77,0,0,0,-24.12,A3
8,0.15,1037885,7108801.37,940,43730,10985,0,9,0,215,78,0,0,0,20.35,E1
8,0.07,446833,6874353.85,1946,50371,11272,0,11,0,246,93,0,0,0,-21.29,A4
8,0.08,552518,6906475.00,1692,51132,14059,0,15,0,309,101,0,0,0,19.96,F2
8,0.06,409304,6937355.93,1072,56740,13634,0,14,0,297,104,0,0,0,-19.91,C7
8,0.04,298668,6945767.44,317,55814,14871,0,16,0,323,112,0,0,0,16.36,C6

E6F4F3D6F5E7C5G4C3G2
8,0.02,172449,7185375.00,520,2326,389,0,0,0,27,10,0,0,0,32.91,C7
8,0.02,127532,7085111.11,856,1977,375,0,0,0,22,14,0,0,0,-35.01,C6
8,0.02,108943,6808937.50,109,3944,634,0,0,0,30,21,0,0,0,30.95,D7
8,0.07,497140,7310882.35,4385,10004,4137,0,1,0,177,26,0,0,0,-33.07,B4
8,0.07,545487,7273160.00,1001,9871,1452,0,0,0,59,31,0,0,0,30.88,E3
8,0.04,279707,7171974.36,619,14235,5258,0,4,0,201,40,0,0,0,-32.44,D3
8,0.13,939468,7171511.45,3071,18346,4537,0,5,0,161,46,0,0,0,28.22,D2
8,0.07,483973,7223477.61,2684,20821,7496,0,6,0,273,54,0,0,0,-29.27,C4
8,0.08,557909,6803768.29,46,24766,5612,0,6,1,163,57,0,0,0,27.66,F6
8,0.08,599825,7140773.81,531,29761,8792,0,8,0,286,65,0,0,0,-28.97,E2
8,0.10,717319,7102168.32,508,32229,6938,0,9,1,180,68,0,0,0,24.77,B6
8,0.09,611948,7033885.06,600,39014,10561,0,8,0,310,79,0,0,0,-27.19,G5
8,0.11,765800,6837500.00,495,40872,8457,0,17,1,192,80,0,0,0,24.37,G6
8,0.15,1067513,7164516.78,3488,55335,16213,0,19,0,440,91,0,0,0,-26.44,B3
8,0.23,1604471,6827536.17,5352,60495,16554,0,31,1,443,102,0,0,0,22.86,F7
8,0.08,530739,6983407.89,711,64958,17725,0,24,1,463,102,0,0,0,-22.54,B7

F5F4C3D6G4B2E6G3C6E7
8,0.04,292421,7310525.00,1803,3324,1048,0,0,0,75,19,0,0,0,29.21,F3
8,0.05,364945,7298900.00,1662,4880,2201,0,0,0,67,21,0,0,0,-29.85,C4
8,0.07,471838,7259046.15,3168,7908,2375,0,0,0,179,34,0,0,0,26.82,D3
8,0.06,419787,7364684.21,1600,9986,3217,0,0,0,103,36,0,0,0,-25.35,C5
8,0.09,675587,7187095.74,1259,13936,3807,0,0,0,223,45,0,0,0,27.31,B3
8,0.07,526971,7218780.82,1428,16447,4514,0,0,0,139,49,0,0,0,-28.79,C2
8,0.10,717626,7176260.00,1023,20963,5040,0,1,0,252,60,0,0,0,23.38,B4
8,0.11,767314,7238811.32,2078,25600,7132,0,7,0,197,66,0,0,0,-26.02,A4
8,0.12,852894,7167176.47,1154,28717,6869,0,4,0,287,80,0,0,0,26.24,A3
8,0.06,440190,7336500.00,1050,32825,8792,0,8,0,228,77,0,0,0,-28.71,E3
8,0.15,1061797,7126154.36,1672,38705,9463,0,8,0,348,93,0,0,0,23.24,D7
8,0.03,243290,7155588.24,296,37446,9835,0,10,0,237,87,0,0,0,-26.12,B5
8,0.07,452047,6746970.15,118,44269,10451,0,9,0,352,104,0,0,0,26.86,A5
8,0.02,156766,6531916.67,675,41291,10627,0,10,0,248,97,0,0,0,-28.90,F7
8,0.05,359651,6916365.38,240,48821,11313,0,9,0,358,117,0,0,0,24.76,F6
8,0.03,199691,6885896.55,447,46172,11750,0,10,0,258,108,0,0,0,-26.75,A6

F5F4C3F6G4F3G3H3F7E6
8,0.01,107050,7136666.67,594,2398,638,0,0,0,35,12,0,0,0,-8.93,E7
8,0.02,112149,6597000.00,218,1943,240,0,0,0,12,10,0,0,0,9.34,D6
8,0.01,88711,6336500.00,532,4431,1181,0,0,0,57,27,0,0,0,-11.06,G5
8,0.02,103551,6471937.50,113,3893,598,0,0,0,20,22,0,0,0,11.01,H6
8,0.02,107006,6294470.59,924,7708,2079,0,0,0,104,46,0,0,0,-15.63,H5
8,0.01,58221,5822100.00,166,5242,857,0,0,0,26,33,0,0,0,11.10,H4
8,0.01,40827,5832428.57,217,9159,2364,0,0,0,112,58,0,0,0,-12.70,E3
8,0.02,130433,6521650.00,245,7426,1292,0,0,0,40,46,0,0,0,10.32,G6
8,0.02,112479,6248833.33,995,12393,3256,0,0,0,152,72,0,0,0,-13.80,C5
8,0.04,235794,6736971.43,77,10983,1828,0,0,0,45,58,0,0,0,11.67,D3
8,0.03,207186,6906200.00,1290,18370,5169,0,1,0,220,90,0,0,0,-16.23,G7
8,0.03,229224,6741882.35,1523,14629,2790,0,0,0,126,76,0,0,0,15.31,B3
8,0.02,141721,6748619.05,1180,22163,6202,0,4,0,278,101,0,0,0,-17.87,E2
8,0.05,302309,6571934.78,75,19295,3498,0,0,0,130,87,0,0,0,15.00,F1
8,0.02,123280,6488421.05,243,25120,6709,0,4,0,286,114,0,0,0,-16.20,B2
8,0.04,237708,6791657.14,119,22883,4127,0,1,0,133,98,0,0,0,14.33,D2

D3C5D6E3B4C2D2C7B2C1
10,0.22,1581237,7253380.73,1161,23233,2722,0,0,0,47,12,0,0,0,-9.06,F4
10,0.39,2792292,7252706.49,3144,49697,15791,0,17,0,212,13,0,0,0,6.34,B5
10,0.55,3997067,7254205.08,3988,74595,14009,0,23,1,249,35,0,0,0,-7.14,C6
10,0.51,3666815,7246669.96,4355,117217,42404,0,116,3,398,31,0,0,0,6.69,B6
10,0.51,3582015,7023558.82,1225,130352,20712,0,46,10,293,49,0,0,0,-7.53,D1
10,0.23,1625154,7159268.72,3213,143713,49713,0,181,5,523,45,0,0,0,7.04,E1
10,0.21,1428890,6804238.10,420,158779,26786,0,78,14,318,62,0,0,0,-7.48,E2
10,0.14,964129,6695340.28,239,160652,52697,0,204,8,532,59,0,0,0,6.56,B3
10,0.14,970140,6690620.69,319,184920,31643,0,127,20,340,77,0,0,0,-5.45,E6
10,0.26,1719849,6564309.16,612,196049,57622,0,245,15,556,72,0,0,0,2.81,C3
10,0.13,894371,6674410.45,419,211921,38560,0,199,43,361,94,0,0,0,-5.14,D7
10,0.25,1617178,6520879.03,35,231709,64387,0,317,29,558,85,0,0,0,3.98,E8
10,0.10,628456,6348040.40,213,229689,43052,0,259,49,373,108,0,0,0,-3.10,B1
10,0.22,1439506,6543209.09,1291,273371,80920,0,534,92,619,106,0,0,0,5.95,A1
10,0.08,456939,6012355.26,302,243195,46112,0,298,72,388,123,0,0,0,-0.64,C4
10,0.10,671328,6517747.57,140,290740,84386,0,574,108,623,119,0,0,0,3.70,F1

E6F6F5D6C4G4G7B3F4G3
10,0.31,2289547,7385635.48,2819,35460,6525,0,1,0,179,13,0,0,0,-7.93,F3
10,0.47,3446540,7255873.68,9610,83787,35638,0,74,2,686,33,0,0,0,5.01,D3
10,0.56,4108485,7297486.68,1295,89604,18204,0,23,2,280,35,0,0,0,-6.46,E7
10,0.19,1349509,7140259.26,515,117015,42203,0,104,4,715,46,0,0,0,5.92,G5
10,0.69,4866371,7104191.24,1110,161854,27030,0,67,9,341,49,0,0,0,-6.02,G6
10,0.45,3154299,7056597.32,3104,206202,65725,0,307,21,947,74,0,0,0,4.92,E2
10,0.91,6574560,7264707.18,1294,246968,37249,0,184,36,432,65,0,0,0,-6.81,H3
10,0.21,1461351,7093936.89,956,250481,74890,0,419,34,1004,94,0,0,0,6.37,E3
10,0.52,3646503,7053197.29,862,297957,45448,0,290,60,470,81,0,0,0,-4.86,H5
10,0.25,1738797,7039663.97,1622,302848,96877,0,768,88,1115,116,0,0,0,6.40,F7
10,0.49,3415105,6983854.81,3636,363182,58769,0,566,101,723,109,0,0,0,-4.88,D7
10,0.19,1336245,6959609.38,640,343088,104125,0,930,196,1162,129,0,0,0,9.07,H8
10,0.43,2511443,5786735.02,149,416470,67793,0,743,171,735,122,0,0,0,-7.68,F2
10,0.22,1266843,5655549.11,112,381335,110977,0,1053,241,1171,147,0,0,0,9.11,H4
10,0.32,1722112,5467022.22,1264,460303,78034,0,974,241,883,137,0,0,0,-9.56,E8
10,0.26,1598515,6078003.80,3104,433239,130298,0,1497,323,1492,170,0,0,0,11.09,C8

E6F6C4E7E8C3C2C5C6B2
10,0.10,695024,6813960.78,2373,12463,3077,0,1,2,131,17,0,0,0,12.66,D3
10,0.40,2849367,7195371.21,5813,47112,10490,0,20,0,315,18,0,0,0,-15.23,C1
10,0.37,2679278,7280646.74,6673,43130,14308,0,15,2,530,41,0,0,0,18.50,A1
10,0.17,1256400,7179428.57,1890,69677,20995,0,45,0,420,40,0,0,0,-18.10,F5
10,0.28,1868887,6746884.48,3441,65604,18890,0,22,2,674,58,0,0,0,17.83,E2
10,0.20,1476743,7274596.06,958,99744,27729,0,75,0,467,57,0,0,0,-16.50,B4
10,0.59,3978292,6697461.28,76,114311,26443,0,48,5,677,71,0,0,0,18.15,B1
10,0.17,1117651,6692520.96,307,124458,32703,0,107,1,478,73,0,0,0,-17.41,B6
10,0.64,4208624,6627754.33,2059,159163,36941,0,129,9,763,97,0,0,0,20.22,B3
10,0.44,3001870,6885022.94,8965,179641,53956,0,296,8,996,94,0,0,0,-16.88,D2
10,0.42,2872721,6856136.04,337,194727,43052,0,200,14,779,110,0,0,0,19.36,F4
10,0.34,2375397,6905223.84,3290,230728,71814,0,492,29,1225,115,0,0,0,-15.99,E3
10,0.81,5553755,6881976.46,3335,264121,58201,0,393,41,1020,129,0,0,0,18.50,D1
10,0.15,1035723,6682083.87,1396,262081,83698,0,647,47,1357,132,0,0,0,-13.94,F3
10,0.37,2436785,6657882.51,949,301861,65053,0,507,59,1094,144,0,0,0,21.73,A4
10,0.11,724398,6467839.29,1207,288243,99620,0,877,63,1461,161,0,0,0,-16.59,C7

E6F4F3D6G4F6E7F8G7F7
10,0.17,1212303,7048273.26,2271,48942,10954,0,10,0,224,29,0,0,0,-27.10,C3
10,0.34,2424063,7129597.06,1925,40638,7220,0,2,0,213,19,0,0,0,26.96,F5
10,0.07,503882,6998361.11,320,69987,14776,0,21,9,247,45,0,0,0,-26.39,G6
10,0.47,3257615,6975620.99,1161,99784,18227,0,37,1,355,35,0,0,0,26.60,E3
10,0.13,927794,6975894.74,446,105879,21677,0,53,17,281,61,0,0,0,-26.91,D3
10,0.32,2151608,6830501.59,352,134721,24637,0,56,3,408,51,0,0,0,26.19,G5
10,0.08,537315,6888653.85,251,129586,26262,0,75,38,311,82,0,0,0,-26.81,H6
10,0.30,2019563,6621518.03,896,173232,33060,0,124,8,510,79,0,0,0,29.95,H4
10,0.08,565631,7070387.50,559,157353,33465,0,124,64,345,98,0,0,0,-30.45,C7
10,0.35,2297946,6603293.10,267,216555,41271,0,207,20,536,92,0,0,0,30.36,H3
10,0.14,992024,6889055.56,2187,203529,45041,0,237,118,541,115,0,0,0,-33.81,G3
10,0.46,3094004,6785096.49,1347,271134,52102,0,363,42,655,115,0,0,0,34.88,C6
10,0.08,567248,7090600.00,405,226446,50059,0,286,158,563,131,0,0,0,-31.92,B6
10,0.40,2695527,6772680.90,264,312186,58844,0,482,67,687,130,0,0,0,31.54,D7
10,0.13,854160,6779047.62,167,261861,58188,0,385,208,576,147,0,0,0,-33.72,C5
10,0.76,4867493,6379414.15,1438,388226,70946,0,718,150,815,168,0,0,0,34.98,H2

E6F4G3D6C7F5E3F2C3E7
10,0.11,705668,6357369.37,2057,18079,2432,0,0,0,119,16,0,0,0,-9.11,F6
10,0.37,2423393,6479660.43,1845,39548,5451,0,4,0,106,15,0,0,0,4.46,D3
10,0.23,1546745,6581893.62,1197,54553,8432,0,4,1,163,32,0,0,0,-9.21,F8
10,0.36,2408726,6599249.32,577,79303,19890,0,38,2,158,45,0,0,0,5.29,G4
10,0.17,1143021,6763437.87,787,87241,13778,0,21,1,227,55,0,0,0,-8.08,H3
10,0.23,1341598,5733324.79,296,108573,25136,0,56,3,179,62,0,0,0,4.63,G5
10,0.24,1349098,5644761.51,1283,128760,28552,0,91,7,306,77,0,0,0,-5.90,H4
10,0.19,1234535,6463534.03,134,133322,29911,0,84,5,189,75,0,0,0,4.68,D7
10,0.12,778776,6331512.20,300,153287,33170,0,131,9,319,91,0,0,0,-5.26,E1
10,0.31,2058153,6725990.20,657,171094,36453,0,128,9,237,92,0,0,0,4.15,G6
10,0.07,462811,6170813.33,1171,167652,36544,0,162,10,368,107,0,0,0,-5.02,C8
10,0.15,944806,6383824.32,592,194039,44171,0,205,12,281,115,0,0,0,6.56,F7
10,0.05,283886,6040127.66,392,179048,38610,0,185,14,391,120,0,0,0,-4.91,H7
10,0.16,1026416,6415100.00,1930,215383,51326,0,279,19,431,141,0,0,0,8.05,D8
10,0.06,323512,5777000.00,608,190701,41219,0,214,26,413,133,0,0,0,-5.31,E8
10,0.09,557086,6055282.61,525,229656,56171,0,343,28,464,159,0,0,0,8.07,G1

E6F6D3E3G6G7F5G5H7F4
10,0.18,1213200,6593478.26,3286,35574,6634,0,4,6,288,21,0,0,0,15.82,E2
10,0.23,1632926,6948621.28,1664,43907,7319,0,9,0,160,14,0,0,0,-12.68,D6
10,0.10,676649,6633813.73,424,55530,10132,0,7,21,308,34,0,0,0,17.44,H8
10,0.20,1363362,6782895.52,933,80870,17934,0,39,1,247,38,0,0,0,-14.99,C5
10,0.14,858964,6179597.12,419,82337,13609,0,18,23,323,48,0,0,0,13.60,F3
10,0.14,894830,6257552.45,447,104605,21948,0,64,3,265,51,0,0,0,-14.49,G4
10,0.16,864930,5544423.08,313,110009,18287,0,45,23,347,63,0,0,0,15.12,H6
10,0.22,1431989,6599027.65,577,140501,26798,0,87,7,287,65,0,0,0,-17.46,G3
10,0.11,711897,6531165.14,616,131763,22581,0,72,29,390,79,0,0,0,15.20,H5
10,0.26,1716743,6527539.92,2180,195131,42036,0,265,37,497,82,0,0,0,-15.80,C2
10,0.27,1802962,6752666.67,1399,181282,28036,0,116,37,483,98,0,0,0,16.52,C4
10,0.14,851514,6215430.66,279,219913,47053,0,328,48,522,98,0,0,0,-16.58,F7
10,0.13,832988,6263067.67,1060,211206,32796,0,162,45,558,114,0,0,0,16.19,E8
10,0.18,1120978,6333209.04,2910,255358,56706,0,458,94,810,113,0,0,0,-13.27,H4
10,0.19,1250029,6510567.71,750,263567,45031,0,316,77,641,134,0,0,0,14.53,H3
10,0.13,836771,6339174.24,389,282232,61419,0,517,104,847,131,0,0,0,-11.08,C3

F5F6D3C5B5F4G4F3G7C2
10,0.25,1528109,6136983.94,3824,35023,6644,0,4,0,227,17,0,0,0,-31.35,E6
10,0.29,2030284,6905727.89,1142,32992,3445,0,0,0,69,12,0,0,0,28.45,C4
10,0.34,2181790,6342412.79,767,88147,15355,0,23,0,270,34,0,0,0,-29.80,G3
10,0.68,4389213,6492918.64,1897,98772,12965,0,16,3,172,33,0,0,0,27.32,D6
10,0.83,5070299,6101442.84,5527,209886,42228,0,217,19,604,54,0,0,0,-25.75,C6
10,1.19,7148365,6022211.46,3215,215075,32048,0,147,23,384,61,0,0,0,23.84,B6
10,0.32,2136541,6594262.35,289,259355,50561,0,307,43,611,67,0,0,0,-25.24,F2
10,0.84,5428082,6469704.41,879,283530,43060,0,259,47,442,77,0,0,0,24.63,D7
10,0.69,4188101,6087356.10,2109,366918,81558,0,868,138,771,89,0,0,0,-23.47,C7
10,0.96,6351896,6644242.68,794,373699,55407,0,472,115,477,98,0,0,0,22.05,F7
10,0.60,4092048,6774913.91,1353,477102,110555,0,1573,265,884,103,0,0,0,-21.51,E8
10,0.81,5345991,6575634.69,455,448281,68678,0,759,225,504,112,0,0,0,23.10,E7
10,0.32,1973325,6109365.33,818,540474,124810,0,1978,365,937,116,0,0,0,-21.40,D8
10,0.87,5089631,5836732.80,1232,539874,93481,0,1439,385,596,129,0,0,0,21.98,G5
10,0.50,3141404,6232944.44,1595,645819,154923,0,2980,636,1061,136,0,0,0,-22.74,E3
10,0.77,5052435,6553093.39,849,631363,112550,0,2050,594,678,154,0,0,0,24.23,G6

E6F4F3D6F5E7C5G4C3G2
10,0.30,1925537,6354907.59,4005,27209,5460,0,7,0,214,19,0,0,0,30.83,C7
10,0.19,1105432,5943182.80,4809,22317,4815,0,1,0,179,13,0,0,0,-33.07,C6
10,0.43,2444449,5711329.44,6169,58143,15970,0,25,0,481,37,0,0,0,30.88,D7
10,0.22,1365774,6179972.85,619,57460,12078,0,9,0,203,29,0,0,0,-32.44,B4
10,0.98,5922337,6012524.87,3364,133152,30388,0,95,3,616,54,0,0,0,28.56,B5
10,0.27,1691240,6334232.21,1313,104003,20583,0,41,2,238,42,0,0,0,-30.41,D3
10,0.55,3509943,6393338.80,1290,190732,40211,0,180,9,653,66,0,0,0,28.79,F6
10,0.33,2083105,6331626.14,774,158105,31608,0,100,20,273,59,0,0,0,-31.00,C8
10,0.73,4505572,6188972.53,207,261574,51134,0,316,38,663,79,0,0,0,26.33,G3
10,0.98,6395130,6552387.30,3044,320970,91115,0,870,97,451,93,0,0,0,-27.10,G5
10,0.89,5664243,6350048.21,572,339193,65800,0,517,74,699,94,0,0,0,25.43,C4
10,0.41,2711309,6564912.83,879,397315,106275,0,1148,174,488,116,0,0,0,-27.66,E3
10,1.31,8237240,6264060.84,1201,461127,89211,0,996,206,803,112,0,0,0,23.51,A5
10,0.66,3746643,5668143.72,5441,508597,138856,0,1963,345,834,138,0,0,0,-23.49,B6
10,0.62,3068321,4964920.71,557,508955,98045,0,1217,287,842,131,0,0,0,22.56,E8
10,0.27,1574165,5895749.06,752,561576,152715,0,2353,465,884,164,0,0,0,-22.80,C2

F5F4C3D6G4B2E6G3C6E7
10,0.47,2843489,6062876.33,4646,44013,14578,0,16,0,249,33,0,0,0,24.99,F6
10,0.44,2939651,6665875.28,5239,58266,11689,0,14,0,256,25,0,0,0,-29.69,E3
10,0.38,2340131,6142076.12,2298,72882,21044,0,32,1,372,48,0,0,0,27.35,C4
10,0.55,3198348,5773191.34,3357,128509,36560,0,144,7,438,40,0,0,0,-29.50,C5
10,0.77,4296362,5572453.96,1826,123676,27685,0,61,2,430,60,0,0,0,27.17,B3
10,0.70,4592732,6542353.28,6998,239623,73743,0,512,42,679,55,0,0,0,-28.04,A3
10,1.01,6936477,6847460.02,4189,202525,55600,0,295,14,640,98,0,0,0,28.93,D3
10,0.29,1940099,6644174.66,1289,276938,84723,0,655,61,745,73,0,0,0,-27.77,D2
10,0.91,6357724,6971188.60,427,263453,63723,0,390,35,650,111,0,0,0,25.78,B5
10,0.34,2271813,6662208.21,1865,327033,101932,0,925,87,831,94,0,0,0,-26.78,B6
10,1.32,8465925,6403876.70,582,347149,75516,0,564,80,667,130,0,0,0,24.70,A1
10,0.38,2581924,6741315.93,1826,388690,115526,0,1161,162,904,117,0,0,0,-25.88,A4
10,1.96,13063988,6672108.27,4658,478608,121997,0,1569,233,987,155,0,0,0,24.38,F3
10,0.27,1774836,6647325.84,1295,430772,124312,0,1372,194,941,132,0,0,0,-25.27,F7
10,1.02,6832733,6705331.70,884,554055,130872,0,1828,373,1019,169,0,0,0,25.77,A5
10,0.20,1310537,6455847.29,284,471201,132805,0,1604,292,948,147,0,0,0,-27.09,A6

F5F4C3F6G4F3G3H3F7E6
10,0.11,756493,6635903.51,755,21422,6322,0,4,0,48,20,0,0,0,-8.31,D6
10,0.16,1081387,6716689.44,1605,19745,2560,0,0,0,82,16,0,0,0,4.40,D3
10,0.14,890030,6496569.34,414,42024,9715,0,11,0,71,35,0,0,0,-7.37,D2
10,0.26,1663533,6498175.78,154,44358,6607,0,3,0,85,33,0,0,0,4.88,C5
10,0.14,934318,6579704.23,407,65764,14033,0,21,0,86,48,0,0,0,-6.60,E3
10,0.31,2052464,6557392.97,381,77333,12498,0,15,1,106,46,0,0,0,3.85,C4
10,0.35,2406615,6817606.23,238,134999,22014,0,58,5,92,62,0,0,0,-9.26,G5
10,0.64,4196141,6556470.31,1034,137617,25628,0,84,5,177,68,0,0,0,4.43,E2
10,0.17,1113590,6399942.53,423,166071,27870,0,85,21,106,75,0,0,0,-7.47,H4
10,0.44,2820239,6380631.22,512,183456,36495,0,171,18,211,94,0,0,0,6.22,C1
10,0.19,1227665,6394088.54,448,197625,33147,0,121,41,122,92,0,0,0,-7.24,C2
10,0.65,4178952,6409435.58,858,240825,61893,0,497,37,255,121,0,0,0,6.53,B4
10,0.49,3240692,6668090.53,1429,250413,39136,0,173,64,173,115,0,0,0,-5.56,E1
10,0.28,1789283,6300292.25,542,275550,77678,0,732,51,298,142,0,0,0,5.76,D1
10,0.13,761787,6094296.00,99,270041,44457,0,232,73,180,129,0,0,0,-4.89,B1
10,0.16,975273,6251750.00,391,297324,82910,0,827,66,324,156,0,0,0,5.48,F2

D3C5D6E3B4C2D2C7B2C1
12,1.85,12362260,6671484.08,4620,205057,35332,0,113,27,208,27,0,0,0,-7.77,F4
12,3.18,21615260,6799389.75,9610,463535,126423,0,1694,252,583,22,0,0,0,6.51,B5
12,6.03,40402491,6705807.63,12668,878459,214653,0,4496,1655,1086,62,0,0,0,-5.12,D7
12,1.76,11750965,6665323.31,644,726252,173465,0,2906,886,632,45,0,0,0,3.61,B3
12,1.49,9268333,6207858.67,653,1088982,264547,0,6880,3106,1120,91,0,0,0,-6.35,D1
12,1.03,6972224,6742963.25,570,861144,198590,0,3884,1513,654,66,0,0,0,2.83,E1
12,1.68,10150903,6053013.12,1846,1332428,341504,0,11608,5553,1229,119,0,0,0,-4.03,A5
12,1.36,8875927,6516833.33,1520,1046949,228662,0,5320,2687,713,88,0,0,0,0.14,C3
12,1.09,7105872,6501255.26,1994,1536992,386511,0,15180,8463,1345,146,0,0,0,-2.85,F5
12,2.43,15571683,6413378.50,1796,1377336,313351,0,10380,5919,843,132,0,0,0,0.11,E6
12,1.58,9910316,6260464.94,4649,1833822,473766,0,23286,14014,1716,193,0,0,0,-2.62,C4
12,1.60,9904084,6193923.70,248,1634306,368867,0,14293,9912,863,151,0,0,0,-0.27,A6
12,0.74,4474156,6005578.52,462,1995525,513174,0,27399,17882,1728,212,0,0,0,-2.91,A7
12,1.26,7715732,6099392.89,1150,1854055,413907,0,18273,14511,912,177,0,0,0,1.37,C6
12,0.85,5103922,5997558.17,189,2199186,566350,0,33483,23874,1733,230,0,0,0,-4.31,F2
12,1.46,8672816,5932158.69,997,2097311,468793,0,23950,21427,982,199,0,0,0,3.02,F3

E6F6F5D6C4G4G7B3F4G3
12,3.15,21544741,6835260.47,10162,346903,63869,0,402,96,708,28,0,0,0,-6.46,F3
12,3.39,22890850,6750471.84,6690,668686,178584,0,3362,744,573,44,0,0,0,5.23,G5
12,3.52,23542651,6688253.13,5087,748693,124511,0,1950,964,1094,57,0,0,0,-4.68,G6
12,2.29,15699298,6867584.43,2411,1129183,264178,0,6645,3403,761,68,0,0,0,4.24,D3
12,8.71,57737627,6631173.42,3603,1554515,302790,0,10298,8723,1427,103,0,0,0,-5.46,E7
12,4.16,28058301,6746405.63,5993,2059508,534600,0,30291,19392,1295,117,0,0,0,3.73,F7
12,9.65,64162400,6650331.67,8931,2629230,477586,0,29331,38855,2164,152,0,0,0,-2.62,D7
12,3.18,17767205,5581905.44,6283,2723693,677702,0,49018,43677,1915,146,0,0,0,4.18,H8
12,7.83,45905925,5859832.14,9194,3482983,634630,0,53010,88636,2985,190,0,0,0,-4.31,C7
12,3.34,20831855,6244560.85,215,3485606,823483,0,71891,89584,1927,165,0,0,0,3.82,C6
12,8.21,46526137,5665627.98,4973,4382562,846182,0,93692,173926,3436,229,0,0,0,-3.94,B6
12,3.07,17690061,5754736.82,5523,4071433,922281,0,91775,140745,2249,189,0,0,0,4.85,E3
12,4.76,26257406,5510473.45,934,4959020,948506,0,119122,250173,3491,248,0,0,0,-3.91,C3
12,2.11,11592249,5491354.33,427,4475169,1010487,0,112195,185141,2272,206,0,0,0,4.39,C5
12,3.85,18578671,4823123.31,3396,5397647,1044426,0,146407,321515,3811,278,0,0,0,-3.30,B5
12,2.77,14513072,5231821.20,4944,4984321,1157379,0,151917,254030,2757,230,0,0,0,4.23,E8

E6F6C4E7E8C3C2C5C6B2
12,1.65,10203034,6202452.28,8629,167081,45240,0,164,24,541,41,0,0,0,14.30,D3
12,3.64,21398805,5872339.46,6708,385022,103482,0,1306,157,446,29,0,0,0,-14.38,E3
12,2.96,17838034,6020261.22,5728,466691,93327,0,762,264,836,72,0,0,0,12.90,D2
12,2.47,15345509,6217791.33,1327,719538,163880,0,2675,931,511,50,0,0,0,-12.33,B4
12,4.06,24705583,6089618.68,2248,835912,160314,0,2332,1379,991,101,0,0,0,13.82,B3
12,3.64,22804713,6266752.68,13404,1220646,300275,0,8855,4219,1383,92,0,0,0,-13.87,D1
12,6.19,40419257,6530821.94,10267,1441187,349857,0,12086,6847,1900,140,0,0,0,12.92,B5
12,1.84,11822233,6428620.45,1623,1517024,366348,0,13098,7910,1448,111,0,0,0,-13.86,A6
12,5.96,38868427,6522642.56,9529,2047128,499612,0,25581,19074,2773,194,0,0,0,15.20,A5
12,0.96,6119159,6387431.11,793,1701591,400603,0,15894,11025,1490,132,0,0,0,-16.18,C1
12,1.90,12268827,6447097.74,3597,2259795,543632,0,30661,25374,3019,220,0,0,0,15.47,F4
12,0.92,5650557,6162003.27,1152,1865429,446341,0,20229,14451,1541,160,0,0,0,-17.27,F5
12,1.98,12394347,6262934.31,2034,2489195,599662,0,38182,33657,3153,273,0,1,0,18.52,D6
12,0.92,5619731,6088549.30,685,2044977,497830,0,25842,19195,1600,184,0,0,0,-19.20,A3
12,2.96,18529117,6257722.73,2016,2861453,720317,0,56368,50292,3344,315,0,1,0,17.57,A1
12,1.07,6616662,6207000.00,1725,2235042,532765,0,30123,24904,1688,213,0,0,0,-20.17,F7

E6F4F3D6G4F6E7F8G7F7
12,0.75,4985423,6673926.37,1970,214667,22422,0,96,88,161,19,0,0,0,-26.70,C3
12,2.73,18277348,6690098.10,2612,327115,50258,0,257,99,286,33,0,0,0,25.90,F5
12,1.51,10172155,6718728.53,2092,674308,131982,0,2380,896,364,57,0,0,0,-25.19,C6
12,3.67,24661900,6716203.70,565,720821,120750,0,1474,973,351,50,0,0,0,23.88,C4
12,3.80,27043771,7122404.79,3945,1808813,329913,0,14105,13404,779,79,0,0,0,-26.97,B4
12,9.42,64271903,6820747.43,6382,1540503,274155,0,10105,8213,946,105,0,0,0,26.50,H8
12,1.91,13404881,7014589.74,2528,2333856,485573,0,31436,27715,1034,99,0,0,0,-24.73,C7
12,4.49,29628851,6601793.89,268,1934437,340163,0,15210,16001,960,122,0,0,0,22.10,E3
12,2.81,19468774,6925924.58,1074,3065844,788298,0,76631,61162,1093,131,0,0,0,-23.79,D3
12,12.75,83808335,6573718.33,3943,2967997,517501,0,38238,55560,1327,168,0,0,0,25.31,D7
12,2.45,16568549,6768198.12,2812,3708352,973371,0,112128,106316,1336,153,0,0,0,-23.74,D8
12,5.71,37007608,6483463.21,3765,3537248,602712,0,53371,92451,1591,200,0,0,0,24.20,G3
12,1.12,7489745,6687272.32,142,3996571,1056543,0,130488,132394,1342,170,0,0,0,-22.75,H3
12,5.98,38465633,6433455.93,1922,4141232,721219,0,78231,146917,1820,229,0,0,0,21.79,E2
12,1.60,10201745,6384070.71,3204,4379336,1168325,0,157327,172908,1647,190,0,0,0,-21.13,F2
12,7.00,39131858,5590265.43,935,4805718,845917,0,108894,227567,1925,260,0,0,0,18.96,D2

E6F4G3D6C7F5E3F2C3E7
12,0.91,5742063,6289225.63,2450,172658,16450,0,58,13,125,24,0,0,0,-9.21,F6
12,2.69,17657900,6574050.63,3151,310126,37283,0,185,64,228,41,0,0,0,5.29,D3
12,2.04,12866823,6298004.41,2516,512401,93978,0,794,350,265,55,0,0,0,-8.08,F8
12,3.02,19789565,6561526.86,816,660552,107587,0,1101,680,266,75,0,0,0,4.63,G4
12,1.22,7101327,5815992.63,1283,724455,143199,0,1955,939,344,79,0,0,0,-5.90,H3
12,1.48,9421728,6353154.42,134,869499,156361,0,2545,1542,276,92,0,0,0,4.68,G5
12,1.20,7231993,6011631.75,1828,964667,187516,0,3713,2145,500,106,0,0,0,-7.34,H4
12,1.86,11243302,6031814.38,657,1126176,200629,0,4637,3297,324,113,0,0,0,4.15,D7
12,0.82,4806097,5868250.31,1171,1125962,228694,0,5855,3366,549,126,0,0,0,-5.02,E1
12,2.04,12852012,6293835.46,592,1366791,254912,0,7893,5666,368,138,0,0,0,6.56,G6
12,0.59,3417129,5781944.16,3949,1250321,258395,0,7763,4584,841,149,0,0,0,-5.10,C8
12,0.97,4958601,5133127.33,1930,1494605,287164,0,10288,7427,518,168,0,0,0,8.05,F7
12,0.27,1344033,4996405.20,608,1309299,272401,0,8727,5274,863,166,0,0,0,-5.31,H7
12,0.82,4398395,5363896.34,500,1602787,315789,0,12729,9130,555,203,0,0,0,8.07,D8
12,0.68,4004978,5907047.20,2893,1491329,305302,0,11285,7754,1122,199,0,0,0,-7.78,E8
12,0.53,3090770,5809718.05,1306,1697258,343078,0,15273,10759,640,238,0,0,0,8.92,G1

E6F6D3E3G6G7F5G5H7F4
12,2.17,13663995,6282296.55,7483,459036,101976,0,1119,275,789,54,0,0,0,14.95,E2
12,1.41,8840206,6291961.57,3035,232677,29634,0,98,48,261,41,0,0,0,-14.76,H6
12,0.53,2932469,5564457.31,5298,575553,141980,0,2120,569,1475,80,0,0,0,15.99,H8
12,1.47,7866633,5347813.05,3684,474105,75915,0,868,335,711,64,0,0,0,-16.38,D7
12,0.82,4954896,6005934.55,3053,777065,180399,0,3611,1244,1821,118,0,0,0,18.63,D6
12,1.54,8876322,5771340.70,1897,751614,131985,0,2509,1119,929,91,0,0,0,-17.05,E7
12,1.03,5870455,5705009.72,150,1015068,212598,0,5016,2547,1830,136,0,0,0,17.19,H5
12,1.10,5708374,5189430.91,166,949089,170568,0,3992,2178,943,110,0,0,0,-16.67,C4
12,2.08,11591687,5559562.11,2783,1427923,292863,0,10216,6720,2053,166,0,0,0,19.48,F7
12,1.27,7842130,6170047.21,6317,1192109,224459,0,6889,4063,1524,138,0,0,0,-16.38,C6
12,0.81,4606034,5700537.13,2199,1584065,326826,0,12872,9212,2256,198,0,0,0,18.62,E8
12,0.88,5533685,6309789.05,5229,1360399,264903,0,9587,5944,2025,173,0,0,0,-14.53,G4
12,2.17,13150154,6057187.47,7067,1974200,462928,0,26384,17430,3141,242,0,0,0,20.47,D8
12,0.81,5025544,6219732.67,5433,1522562,297045,0,12273,8279,2482,198,0,0,0,-13.36,C7
12,0.73,4156603,5693976.71,439,2120131,484068,0,28881,21379,3185,259,0,0,0,18.80,C3
12,0.77,4737232,6184375.98,256,1662159,322024,0,14542,10596,2493,223,0,0,0,-10.83,C8

F5F6D3C5B5F4G4F3G7C2
12,1.44,9872863,6851396.95,2723,264593,22334,0,134,36,146,22,0,0,0,-29.80,E6
12,3.40,22504467,6622856.68,5155,362314,41382,0,282,113,299,28,0,0,0,27.32,C4
12,5.08,34875587,6866624.73,7328,1157595,207446,0,6182,3617,658,56,0,0,0,-26.33,D2
12,5.16,34445547,6670322.81,2515,931455,151193,0,3483,1896,430,52,0,0,0,23.33,D6
12,3.23,21509734,6649067.70,2207,1689514,329432,0,14144,10621,786,76,0,0,0,-24.96,C3
12,8.06,52977783,6572110.53,2584,1638124,265937,0,9417,9991,599,71,0,0,0,22.94,G5
12,4.44,30111271,6780290.70,1819,2509687,454215,0,26322,33940,911,93,0,0,0,-23.36,C6
12,11.13,74209437,6665717.87,3961,2557510,377548,0,20642,36091,813,108,0,0,0,22.01,F7
12,3.49,21212936,6079947.26,1536,3195631,580970,0,43848,68677,990,121,0,0,0,-22.99,E3
12,14.36,89225248,6212159.58,3059,3681051,568599,0,47672,104300,1215,136,0,0,0,23.28,H5
12,5.57,30620997,5494526.65,3537,4238668,797942,0,87511,157134,1394,166,0,0,0,-21.43,G3
12,9.78,56215852,5748629.92,3878,4448688,714573,0,77014,181628,1584,173,0,0,0,21.21,H8
12,1.31,8006688,6102658.54,215,4501924,858739,0,102203,187748,1403,185,0,0,0,-22.90,C1
12,5.15,32202450,6250475.54,1727,4911085,802575,0,99183,242863,1758,209,0,0,0,22.92,B4
12,1.61,9832543,6088261.92,1541,4822740,924690,0,119942,229825,1496,209,0,0,0,-19.25,A3
12,5.71,33551693,5876982.48,216,5405717,886598,0,123407,322509,1769,226,0,0,0,20.38,E7

E6F4F3D6F5E7C5G4C3G2
12,2.27,14188251,6253085.50,7173,220670,30292,0,110,26,302,19,0,0,0,30.88,C7
12,2.19,14788782,6768321.28,12916,364086,87025,0,742,136,571,38,0,0,0,-32.44,C6
12,2.01,12724646,6318096.33,3364,409014,64867,0,432,174,437,40,0,0,0,28.56,D7
12,2.52,16449299,6527499.60,5486,822394,196702,0,3583,1396,854,61,0,0,0,-30.41,B4
12,7.36,46653864,6341425.04,1268,1026124,161447,0,2987,2520,487,63,0,0,0,28.71,B5
12,3.51,22395865,6373325.27,6758,1522648,380222,0,14288,8068,1157,81,0,0,0,-30.78,D2
12,10.04,61383921,6115154.51,6420,1778972,295234,0,12708,12328,785,101,0,0,0,26.41,F8
12,3.50,22292622,6363865.83,3156,2286577,592488,0,37040,26212,1323,113,0,0,0,-28.23,C4
12,6.71,40248765,5998325.63,2661,2313139,408899,0,24290,26615,996,133,0,0,0,27.69,F6
12,2.64,16126202,6115359.12,3327,2761759,700558,0,51652,45212,1568,136,0,0,0,-28.54,A6
12,8.02,48451038,6041276.56,3722,2937799,528537,0,40101,53361,1347,165,0,0,0,25.91,A4
12,3.52,22861990,6496729.18,3183,3612118,895457,0,86303,98390,1890,163,0,0,0,-27.17,F7
12,5.30,32458128,6123019.81,378,3380861,604781,0,52342,80654,1392,184,0,0,0,27.83,G6
12,3.23,20475603,6329398.15,4577,4388602,1097347,0,132461,173845,2383,196,0,0,0,-27.12,D8
12,6.14,37905683,6168540.76,5648,3994182,738337,0,80821,131209,1995,252,0,0,0,25.68,G5
12,1.87,11114714,5931010.67,1570,4831125,1243299,0,170935,231225,2540,231,0,0,0,-27.38,E8

F5F4C3D6G4B2E6G3C6E7
12,5.33,33894882,6362846.25,25526,541252,153234,0,1948,411,1406,65,0,0,0,27.35,F6
12,2.61,17045611,6533388.65,8280,418876,122279,0,1051,215,394,45,0,0,0,-26.78,C5
12,2.96,19217019,6483474.70,4017,823319,203667,0,3542,1347,1560,95,0,0,0,26.53,F3
12,5.26,34602786,6582230.55,15034,1397153,382530,0,12258,6337,1077,86,0,0,0,-29.01,C7
12,3.67,23279636,6346683.75,724,1200263,251059,0,6005,4059,1613,113,0,0,0,28.85,E8
12,1.17,7394758,6331128.42,1027,1677504,448295,0,16972,10660,1132,105,0,0,0,-28.41,F7
12,4.96,31553924,6356551.97,2787,1676181,352483,0,12783,10485,1799,134,0,0,0,27.38,F8
12,0.94,5665489,6039966.95,81,1898805,497715,0,21612,15385,1137,122,0,0,0,-27.72,H3
12,3.70,23791337,6433568.69,1227,2041835,416327,0,18449,18755,1899,165,0,0,0,27.24,G6
12,0.49,2927044,6022724.28,105,2027627,532239,0,25345,18661,1140,139,0,0,0,-26.88,G5
12,1.71,10241489,5999700.64,523,2235468,454896,0,22693,24301,1931,184,0,0,0,24.83,H5
12,0.46,2729977,5909041.13,688,2145768,560470,0,28688,22233,1183,158,0,0,0,-24.52,H4
12,1.44,8890908,6187131.52,655,2400133,483496,0,26214,29796,1990,201,0,0,0,23.62,H2
12,0.68,4372659,6402136.16,1429,2332353,594325,0,32860,28063,1245,181,0,0,0,-21.01,E2
12,3.13,19702800,6294824.28,1774,2735943,540976,0,34434,43580,2169,239,0,0,0,20.92,D7
12,1.43,9187643,6420435.36,5979,2668859,688543,0,46092,41293,1913,209,0,0,0,-19.20,H7

F5F4C3F6G4F3G3H3F7E6
12,0.59,3773178,6395216.95,1930,119023,12992,0,22,8,95,20,0,0,0,-7.37,D6
12,1.11,7073377,6395458.41,897,152570,18692,0,40,16,67,18,0,0,0,4.88,D3
12,1.03,6473267,6266473.38,624,292698,50405,0,244,74,119,46,0,0,0,-7.39,D2
12,2.13,13545459,6374333.65,381,382157,58138,0,278,166,88,36,0,0,0,3.85,C5
12,3.09,20122615,6518501.78,4282,973924,232847,0,6004,2193,445,67,0,0,0,-8.77,F2
12,7.69,49887416,6490686.44,2255,1164186,171992,0,4449,3544,266,58,0,0,0,5.35,D7
12,2.25,14610903,6490849.84,1699,1465457,357583,0,13554,7146,535,94,0,0,0,-7.67,C7
12,8.90,56917295,6393046.73,1913,2125062,387824,0,21309,20999,401,77,0,0,0,4.93,G6
12,3.29,19696887,5996008.22,344,2127326,524152,0,27444,21034,560,116,0,0,0,-8.76,E3
12,12.09,72902748,6029505.25,4848,3266973,670614,0,56445,74227,708,119,0,0,0,5.74,C6
12,6.86,44583404,6503778.85,1979,3587344,850543,0,74599,97106,726,146,0,0,0,-8.49,B6
12,18.17,117679561,6475872.83,5201,4754608,928766,0,111772,220614,1010,156,0,0,0,7.23,E2
12,3.23,20652430,6393941.18,3371,4296781,1043659,0,114446,164077,963,171,0,0,0,-9.59,C4
12,13.01,79916064,6140776.39,1514,5914073,1181318,0,180693,422619,1163,179,0,0,0,7.35,E8
12,3.15,18113014,5755644.74,3941,4951174,1159752,0,145698,248919,1269,191,0,0,0,-8.29,C8
12,3.72,21637952,5822914.96,2387,6353218,1285368,0,218621,523246,1339,202,0,0,0,5.25,E7

